uf,city_name,region,latitude,longitude
AC,Rio Branco,N,-9.97,-67.81
AP,Macapá,N,0.04,-51.07
AM,Manaus,N,-3.12,-60.02
PA,Belém,N,-1.46,-48.50
RO,Porto Velho,N,-8.76,-63.90
RR,Boa Vista,N,2.82,-60.67
TO,Palmas,N,-10.18,-48.33
AL,Maceió,NE,-9.67,-35.74
BA,Salvador,NE,-12.97,-38.50
CE,Fortaleza,NE,-3.73,-38.52
MA,São Luís,NE,-2.53,-44.30
PB,João Pessoa,NE,-7.12,-34.86
PE,Recife,NE,-8.05,-34.88
PI,Teresina,NE,-5.09,-42.80
RN,Natal,NE,-5.79,-35.21
SE,Aracaju,NE,-10.91,-37.07
DF,Brasília,CO,-15.78,-47.93
GO,Goiânia,CO,-16.68,-49.25
MT,Cuiabá,CO,-15.60,-56.10
MS,Campo Grande,CO,-20.47,-54.62
ES,Vitória,SE,-20.32,-40.34
MG,Belo Horizonte,SE,-19.92,-43.94
RJ,Rio de Janeiro,SE,-22.91,-43.17
SP,São Paulo,SE,-23.55,-46.63
PR,Curitiba,S,-25.43,-49.27
RS,Porto Alegre,S,-30.03,-51.23
SC,Florianópolis,S,-27.60,-48.55